aggregation,step,system,metric,mean
macro,10000,audio_only,audio_diff,0.12757420768012911
macro,10000,audio_only,audio_mono,0.7760030649246749
macro,10000,audio_only,audio_total,0.8649983600116535
macro,10000,audio_only,diff_lsd,1.141791571463522
macro,10000,audio_only,lre_error_db,0.33611457408233464
macro,10000,audio_only,mono_lsd,0.9772205060072601
macro,10000,audio_only,rgb_l1,0.0979829434242836
macro,10000,audio_only,rgb_psnr,16.92177599991798
macro,10000,audio_only,rgb_ssim,0.3875091121942548
macro,10000,audio_only,waveform_l1,0.033516261159110695
macro,10000,joint_conditioned,audio_diff,0.14430172387659684
macro,10000,joint_conditioned,audio_mono,0.5967263709938201
macro,10000,joint_conditioned,audio_total,0.8214132121410324
macro,10000,joint_conditioned,diff_lsd,1.055948812555816
macro,10000,joint_conditioned,lre_error_db,2.033841878956198
macro,10000,joint_conditioned,mono_lsd,0.9156351803340571
macro,10000,joint_conditioned,rgb_l1,0.10208101758728991
macro,10000,joint_conditioned,rgb_psnr,16.832759337576707
macro,10000,joint_conditioned,rgb_ssim,0.3884181897520988
macro,10000,joint_conditioned,waveform_l1,0.03584520920892763
macro,10000,visual_only,audio_diff,0.13225435447928052
macro,10000,visual_only,audio_mono,0.8504058635798913
macro,10000,visual_only,audio_total,0.9499505079028496
macro,10000,visual_only,diff_lsd,1.1581308762962719
macro,10000,visual_only,lre_error_db,0.4455719792046167
macro,10000,visual_only,mono_lsd,0.98589485768619
macro,10000,visual_only,rgb_l1,0.10309271379438761
macro,10000,visual_only,rgb_psnr,16.873383845303998
macro,10000,visual_only,rgb_ssim,0.39089408008155313
macro,10000,visual_only,waveform_l1,0.033912833088196676
macro,30000,audio_only,audio_diff,0.1287724211487797
macro,30000,audio_only,audio_mono,0.6934099331768324
macro,30000,audio_only,audio_total,0.7815593741325837
macro,30000,audio_only,diff_lsd,1.1248712008348065
macro,30000,audio_only,lre_error_db,0.3168486737261555
macro,30000,audio_only,mono_lsd,0.9674778532233881
macro,30000,audio_only,rgb_l1,0.0979829434242836
macro,30000,audio_only,rgb_psnr,16.92177599991798
macro,30000,audio_only,rgb_ssim,0.3875091121942548
macro,30000,audio_only,waveform_l1,0.03328169814994239
macro,30000,joint_conditioned,audio_diff,0.12337987047980183
macro,30000,joint_conditioned,audio_mono,0.4971837426598195
macro,30000,joint_conditioned,audio_total,0.6730611867203147
macro,30000,joint_conditioned,diff_lsd,1.0578196674413212
macro,30000,joint_conditioned,lre_error_db,1.5225327044928847
macro,30000,joint_conditioned,mono_lsd,0.9333000557375379
macro,30000,joint_conditioned,rgb_l1,0.10417142724689223
macro,30000,joint_conditioned,rgb_psnr,16.839097113870956
macro,30000,joint_conditioned,rgb_ssim,0.39284507520917394
macro,30000,joint_conditioned,waveform_l1,0.035072178059396567
macro,30000,visual_only,audio_diff,0.13225435447928052
macro,30000,visual_only,audio_mono,0.8504058635798913
macro,30000,visual_only,audio_total,0.9499505079028496
macro,30000,visual_only,diff_lsd,1.1581308762962719
macro,30000,visual_only,lre_error_db,0.4455719792046167
macro,30000,visual_only,mono_lsd,0.98589485768619
macro,30000,visual_only,rgb_l1,0.10451640871833413
macro,30000,visual_only,rgb_psnr,16.915978005440035
macro,30000,visual_only,rgb_ssim,0.39854104425469605
macro,30000,visual_only,waveform_l1,0.033912833088196676
macro,5000,audio_only,audio_diff,0.12882500852779405
macro,5000,audio_only,audio_mono,0.809009279237324
macro,5000,audio_only,audio_total,0.8987374797022818
macro,5000,audio_only,diff_lsd,1.1491975392904705
macro,5000,audio_only,lre_error_db,0.3375473929413131
macro,5000,audio_only,mono_lsd,0.9809445795298686
macro,5000,audio_only,rgb_l1,0.0979829434242836
macro,5000,audio_only,rgb_psnr,16.92177599991798
macro,5000,audio_only,rgb_ssim,0.3875091121942548
macro,5000,audio_only,waveform_l1,0.03367517512538559
macro,5000,joint_conditioned,audio_diff,0.13412806145547568
macro,5000,joint_conditioned,audio_mono,0.6919020135949836
macro,5000,joint_conditioned,audio_total,0.8953559384907452
macro,5000,joint_conditioned,diff_lsd,1.024951160785782
macro,5000,joint_conditioned,lre_error_db,1.8185615560042323
macro,5000,joint_conditioned,mono_lsd,0.9215257115002911
macro,5000,joint_conditioned,rgb_l1,0.10174015560953925
macro,5000,joint_conditioned,rgb_psnr,16.815903546059655
macro,5000,joint_conditioned,rgb_ssim,0.38720092880472357
macro,5000,joint_conditioned,waveform_l1,0.0352050159748115
macro,5000,visual_only,audio_diff,0.13225435447928052
macro,5000,visual_only,audio_mono,0.8504058635798913
macro,5000,visual_only,audio_total,0.9499505079028496
macro,5000,visual_only,diff_lsd,1.1581308762962719
macro,5000,visual_only,lre_error_db,0.4455719792046167
macro,5000,visual_only,mono_lsd,0.98589485768619
macro,5000,visual_only,rgb_l1,0.10254658857058763
macro,5000,visual_only,rgb_psnr,16.854066835447508
macro,5000,visual_only,rgb_ssim,0.38894897092355774
macro,5000,visual_only,waveform_l1,0.033912833088196676
macro,native,native_audiogs,audio_diff,0.13225435447928052
macro,native,native_audiogs,audio_mono,0.8504058635798913
macro,native,native_audiogs,audio_total,0.9499505079028496
macro,native,native_audiogs,diff_lsd,1.1581308762962719
macro,native,native_audiogs,lre_error_db,0.4455719792046167
macro,native,native_audiogs,mono_lsd,0.98589485768619
macro,native,native_audiogs,waveform_l1,0.033912833088196676
macro,native,native_ftgspp,rgb_l1,0.0979829434242836
macro,native,native_ftgspp,rgb_psnr,16.92177599991798
macro,native,native_ftgspp,rgb_ssim,0.3875091121942548
micro,10000,audio_only,audio_diff,0.08208651592822616
micro,10000,audio_only,audio_mono,0.5329873813112568
micro,10000,audio_only,audio_total,0.5968973962182782
micro,10000,audio_only,diff_lsd,1.157241491843059
micro,10000,audio_only,lre_error_db,0.3048935702717896
micro,10000,audio_only,mono_lsd,0.9736987558098832
micro,10000,audio_only,rgb_l1,0.07654883803240514
micro,10000,audio_only,rgb_psnr,18.234301172531524
micro,10000,audio_only,rgb_ssim,0.5274358049352118
micro,10000,audio_only,waveform_l1,0.026861663923728726
micro,10000,joint_conditioned,audio_diff,0.10141606118759013
micro,10000,joint_conditioned,audio_mono,0.4022963393042547
micro,10000,joint_conditioned,audio_total,0.5706777897427832
micro,10000,joint_conditioned,diff_lsd,1.0720759425884725
micro,10000,joint_conditioned,lre_error_db,1.5689970856580893
micro,10000,joint_conditioned,mono_lsd,0.9087193467374671
micro,10000,joint_conditioned,rgb_l1,0.08154105321981946
micro,10000,joint_conditioned,rgb_psnr,18.136169081884074
micro,10000,joint_conditioned,rgb_ssim,0.5284768640290479
micro,10000,joint_conditioned,waveform_l1,0.02848774526514835
micro,10000,visual_only,audio_diff,0.08470154892288294
micro,10000,visual_only,audio_mono,0.5837170440867657
micro,10000,visual_only,audio_total,0.6539242052655869
micro,10000,visual_only,diff_lsd,1.1677555412265426
micro,10000,visual_only,lre_error_db,0.3714222471024973
micro,10000,visual_only,mono_lsd,0.9828320940335592
micro,10000,visual_only,rgb_l1,0.08315027287630607
micro,10000,visual_only,rgb_psnr,18.180698757757813
micro,10000,visual_only,rgb_ssim,0.5316857882988932
micro,10000,visual_only,waveform_l1,0.027219572163959767
micro,30000,audio_only,audio_diff,0.08291257420239913
micro,30000,audio_only,audio_mono,0.47708489371124596
micro,30000,audio_only,audio_total,0.5393020263994135
micro,30000,audio_only,diff_lsd,1.146853024232472
micro,30000,audio_only,lre_error_db,0.27681487176047714
micro,30000,audio_only,mono_lsd,0.9635229818082589
micro,30000,audio_only,rgb_l1,0.07654883803240514
micro,30000,audio_only,rgb_psnr,18.234301172531524
micro,30000,audio_only,rgb_ssim,0.5274358049352118
micro,30000,audio_only,waveform_l1,0.02661295331922089
micro,30000,joint_conditioned,audio_diff,0.08173805154005757
micro,30000,joint_conditioned,audio_mono,0.33358093714958
micro,30000,joint_conditioned,audio_total,0.4613757042597372
micro,30000,joint_conditioned,diff_lsd,1.0615904586253155
micro,30000,joint_conditioned,lre_error_db,1.1590302472418927
micro,30000,joint_conditioned,mono_lsd,0.9160212292457022
micro,30000,joint_conditioned,rgb_l1,0.08458404941374247
micro,30000,joint_conditioned,rgb_psnr,18.133950709169355
micro,30000,joint_conditioned,rgb_ssim,0.5340496883606516
micro,30000,joint_conditioned,waveform_l1,0.027442271105095253
micro,30000,visual_only,audio_diff,0.08470154892288294
micro,30000,visual_only,audio_mono,0.5837170440867657
micro,30000,visual_only,audio_total,0.6539242052655869
micro,30000,visual_only,diff_lsd,1.1677555412265426
micro,30000,visual_only,lre_error_db,0.3714222471024973
micro,30000,visual_only,mono_lsd,0.9828320940335592
micro,30000,visual_only,rgb_l1,0.08576865739961888
micro,30000,visual_only,rgb_psnr,18.216071649646082
micro,30000,visual_only,rgb_ssim,0.541143881795536
micro,30000,visual_only,waveform_l1,0.027219572163959767
micro,5000,audio_only,audio_diff,0.08276486801635528
micro,5000,audio_only,audio_mono,0.5554590126996019
micro,5000,audio_only,audio_total,0.6202775135319284
micro,5000,audio_only,diff_lsd,1.161976711124393
micro,5000,audio_only,lre_error_db,0.3124840391654495
micro,5000,audio_only,mono_lsd,0.9775857296959446
micro,5000,audio_only,rgb_l1,0.07654883803240514
micro,5000,audio_only,rgb_psnr,18.234301172531524
micro,5000,audio_only,rgb_ssim,0.5274358049352118
micro,5000,audio_only,waveform_l1,0.027008529238944465
micro,5000,joint_conditioned,audio_diff,0.08887043462055637
micro,5000,joint_conditioned,audio_mono,0.4735703688565131
micro,5000,joint_conditioned,audio_total,0.6281571619600128
micro,5000,joint_conditioned,diff_lsd,1.0329419919785032
micro,5000,joint_conditioned,lre_error_db,1.468706727661985
micro,5000,joint_conditioned,mono_lsd,0.9146499395652302
micro,5000,joint_conditioned,rgb_l1,0.08100189905323035
micro,5000,joint_conditioned,rgb_psnr,18.116086847111408
micro,5000,joint_conditioned,rgb_ssim,0.5269942757085706
micro,5000,joint_conditioned,waveform_l1,0.028053723950485037
micro,5000,visual_only,audio_diff,0.08470154892288294
micro,5000,visual_only,audio_mono,0.5837170440867657
micro,5000,visual_only,audio_total,0.6539242052655869
micro,5000,visual_only,diff_lsd,1.1677555412265426
micro,5000,visual_only,lre_error_db,0.3714222471024973
micro,5000,visual_only,mono_lsd,0.9828320940335592
micro,5000,visual_only,rgb_l1,0.08220328955116284
micro,5000,visual_only,rgb_psnr,18.16133003370136
micro,5000,visual_only,rgb_ssim,0.5294514588712237
micro,5000,visual_only,waveform_l1,0.027219572163959767
micro,native,native_audiogs,audio_diff,0.08470154892288294
micro,native,native_audiogs,audio_mono,0.5837170440867657
micro,native,native_audiogs,audio_total,0.6539242052655869
micro,native,native_audiogs,diff_lsd,1.1677555412265426
micro,native,native_audiogs,lre_error_db,0.3714222471024973
micro,native,native_audiogs,mono_lsd,0.9828320940335592
micro,native,native_audiogs,waveform_l1,0.027219572163959767
micro,native,native_ftgspp,rgb_l1,0.07654883803240514
micro,native,native_ftgspp,rgb_psnr,18.234301172531524
micro,native,native_ftgspp,rgb_ssim,0.5274358049352118
